,Test Score,Accuracy,Recall,F1,avg_times
Decision Tree,0.7936507936507936,0.7936507936507936,0.7936507936507936,0.7889662633776939,0.02477781054994921
Support Vector Machine,0.671957671957672,0.671957671957672,0.671957671957672,0.6598283894995162,0.3915704338498472
Neural Network,0.8267195820808411,0.8267195767195767,0.8267195767195767,0.8241217200341603,34.83616865514996
Logistic Regression,0.4656084656084656,0.4656084656084656,0.4656084656084656,0.4593445788514521,0.8388820967998072
