,Test Score,Accuracy,Recall,F1,avg_times
Decision Tree,0.7936507936507936,0.7936507936507936,0.7936507936507936,0.7889662633776939,0.03292900369997369
Support Vector Machine,0.6772486772486772,0.6772486772486772,0.6772486772486772,0.6653475673040734,0.36660729770005673
Neural Network,0.8267195820808411,0.8267195767195767,0.8267195767195767,0.8241217200341603,35.10358405194993
Logistic Regression,0.4656084656084656,0.4656084656084656,0.4656084656084656,0.4593445788514521,0.44797452440006963
